ym,cust_cnt,ARPPU
2010-12,886,929.7360496613663
2011-01,742,931.7581671159091
2011-02,759,689.8970882740814
2011-03,975,736.0403692307724
2011-04,857,627.5479824971103
2011-05,1057,728.5903973509877
