ym,rev
2010-12,823746.1399999646
2011-01,691364.5600000108
2011-02,523631.8900000278
2011-03,717639.3600000187
2011-04,537808.6210000243
2011-05,770120.0500000106
