ym,ARPPU,ATV,AVG_ORDER_CNT
2010-12,929.7360496613526,484.84175397290073,1.9176
2011-01,931.758167115912,568.5563815789528,1.6388
2011-02,689.8970882740831,446.02375638844046,1.5468
2011-03,736.0403692307682,431.01463063063,1.7077
2011-04,627.547982497114,357.58551928193265,1.7550
2011-05,728.5903973510121,416.7316287878895,1.7483
